"id","created_at","job_id","candidate_id"
1;2018-12-21 03:48:00;94;29
2;2018-08-10 10:00:00;86;144
3;2019-01-15 03:48:00;73;222
4;2018-09-11 17:12:00;14;394
5;2018-08-25 05:12:00;33;168
6;2018-10-29 08:36:00;39;301
7;2019-01-01 01:24:00;60;158
8;2018-07-27 10:00:00;24;355
9;2019-01-17 18:12:00;84;105
10;2018-08-24 12:24:00;31;57
11;2018-08-11 19:36:00;71;100
12;2018-07-30 05:12:00;57;110
13;2019-01-09 06:12:00;73;279
14;2018-07-24 14:48:00;24;179
15;2018-07-31 12:24:00;44;407
16;2018-08-26 02:48:00;80;27
17;2018-10-12 17:12:00;22;132
18;2018-11-21 01:24:00;96;178
19;2018-08-04 19:36:00;82;341
20;2018-11-11 01:24:00;82;267
21;2018-12-21 01:24:00;85;327
22;2018-10-18 05:12:00;7;324
23;2018-10-08 17:12:00;35;419
24;2019-01-16 15:48:00;17;383
25;2019-01-25 13:24:00;44;144
26;2018-12-08 13:24:00;1;264
27;2018-10-30 20:36:00;93;385
28;2018-11-16 18:12:00;53;132
29;2019-01-26 03:48:00;100;200
30;2018-11-21 03:48:00;81;122
31;2019-01-31 06:12:00;46;74
32;2018-10-08 00:24:00;96;390
33;2018-07-29 05:12:00;57;309
34;2019-02-04 15:48:00;90;61
35;2018-07-27 10:00:00;74;31
36;2018-09-18 12:24:00;84;43
37;2018-08-15 17:12:00;5;125
38;2019-02-02 13:24:00;87;122
39;2018-12-02 15:48:00;17;265
40;2018-11-11 06:12:00;90;219
41;2019-01-25 11:00:00;52;173
42;2018-08-14 10:00:00;65;159
43;2018-09-04 10:00:00;37;27
44;2018-12-01 11:00:00;84;242
45;2019-01-27 06:12:00;62;129
46;2018-11-05 15:48:00;96;333
47;2018-12-15 18:12:00;39;217
48;2018-09-27 19:36:00;46;64
49;2018-11-16 06:12:00;32;68
50;2019-01-24 15:48:00;46;261
51;2019-01-18 11:00:00;5;184
52;2019-01-16 13:24:00;76;145
53;2018-12-18 08:36:00;41;106
54;2018-08-11 17:12:00;70;151
55;2018-11-18 01:24:00;28;284
56;2019-01-15 23:00:00;45;191
57;2018-09-21 07:36:00;69;256
58;2019-01-25 20:36:00;22;137
59;2019-01-16 08:36:00;21;279
60;2019-01-11 15:48:00;70;282
61;2018-11-09 08:36:00;48;224
62;2018-11-30 20:36:00;56;183
63;2018-07-30 14:48:00;49;402
64;2019-01-07 18:12:00;75;359
65;2018-09-09 17:12:00;96;360
66;2018-08-27 14:48:00;93;161
67;2018-12-27 03:48:00;35;342
68;2019-01-11 23:00:00;51;365
69;2018-09-27 17:12:00;65;217
70;2018-10-12 10:00:00;100;359
71;2019-01-18 11:00:00;12;363
72;2018-10-12 14:48:00;67;400
73;2018-11-15 18:12:00;92;151
74;2018-12-20 18:12:00;74;424
75;2018-08-22 17:12:00;84;316
76;2019-01-27 06:12:00;18;282
77;2018-12-04 08:36:00;59;411
78;2018-09-27 12:24:00;97;84
79;2018-11-16 01:24:00;70;208
80;2018-09-21 17:12:00;16;24
81;2019-02-01 15:48:00;85;203
82;2019-01-14 20:36:00;57;407
83;2018-12-31 18:12:00;7;26
84;2018-11-18 08:36:00;82;114
85;2018-09-19 19:36:00;32;190
86;2018-12-30 13:24:00;2;272
87;2018-07-25 07:36:00;59;339
88;2019-01-17 20:36:00;58;402
89;2018-09-12 17:12:00;44;224
90;2018-11-22 08:36:00;1;137
91;2018-12-17 11:00:00;54;18
92;2018-10-17 12:24:00;61;68
93;2018-11-04 20:36:00;73;306
94;2019-01-30 08:36:00;94;200
95;2018-10-12 12:24:00;43;301
96;2019-01-22 13:24:00;13;423
97;2018-08-09 14:48:00;14;53
98;2018-11-18 06:12:00;54;230
99;2019-01-23 13:24:00;45;418
100;2018-11-04 13:24:00;19;106
101;2018-09-19 14:48:00;91;312
102;2019-01-20 23:00:00;22;345
103;2018-08-04 12:24:00;68;223
104;2018-11-03 13:24:00;96;361
105;2018-10-01 19:36:00;39;334
106;2018-09-20 19:36:00;88;69
107;2018-10-13 07:36:00;62;291
108;2018-08-12 10:00:00;89;156
109;2018-11-20 11:00:00;50;18
110;2019-01-01 01:24:00;40;392
111;2019-01-20 06:12:00;40;314
112;2019-01-22 15:48:00;78;390
113;2018-09-29 17:12:00;4;332
114;2019-01-13 18:12:00;62;312
115;2018-09-04 22:00:00;21;90
116;2019-02-01 01:24:00;64;330
117;2018-11-25 23:00:00;4;100
118;2018-08-03 14:48:00;32;49
119;2019-01-18 15:48:00;8;420
120;2018-09-05 12:24:00;62;256
121;2018-07-30 10:00:00;53;28
122;2018-09-29 14:48:00;27;337
123;2018-10-27 22:00:00;18;32
124;2018-11-15 08:36:00;61;346
125;2018-09-21 22:00:00;84;290
126;2018-07-31 22:00:00;55;372
127;2018-09-28 12:24:00;16;404
128;2018-08-10 17:12:00;45;7
129;2018-08-16 14:48:00;77;71
130;2019-02-04 06:12:00;31;89
131;2018-10-07 22:00:00;42;188
132;2019-01-21 06:12:00;26;146
133;2018-11-08 23:00:00;76;143
134;2018-12-31 01:24:00;49;371
135;2019-01-25 23:00:00;89;343
136;2018-08-31 19:36:00;97;135
137;2018-08-22 00:24:00;11;76
138;2018-10-27 14:48:00;62;100
139;2018-12-13 18:12:00;37;151
140;2019-01-14 06:12:00;44;327
141;2018-09-02 00:24:00;95;71
142;2018-12-01 01:24:00;61;261
143;2018-10-14 10:00:00;1;59
144;2018-08-28 02:48:00;57;350
145;2018-10-25 19:36:00;90;355
146;2018-08-12 19:36:00;80;135
147;2018-07-22 10:00:00;54;75
148;2018-08-22 17:12:00;30;410
149;2018-09-25 05:12:00;62;287
150;2018-07-27 10:00:00;99;112
151;2019-01-17 13:24:00;80;107
152;2019-01-27 15:48:00;95;372
153;2018-12-26 13:24:00;9;22
154;2019-01-25 15:48:00;21;96
155;2018-11-20 18:12:00;91;345
156;2018-08-19 02:48:00;87;197
157;2018-09-14 10:00:00;10;127
158;2018-12-22 13:24:00;98;383
159;2018-11-30 06:12:00;6;293
160;2018-11-22 01:24:00;48;237
161;2018-09-16 10:00:00;76;287
162;2018-09-26 10:00:00;71;20
163;2018-12-29 20:36:00;71;95
164;2019-02-04 15:48:00;21;268
165;2019-01-01 08:36:00;68;310
166;2019-01-01 23:00:00;76;46
167;2018-12-20 13:24:00;23;61
168;2018-09-22 00:24:00;18;379
169;2018-12-04 20:36:00;47;58
170;2018-08-21 17:12:00;92;103
171;2018-10-01 14:48:00;15;244
172;2018-10-26 10:00:00;59;401
173;2018-10-14 12:24:00;72;106
174;2018-10-17 05:12:00;14;363
175;2019-01-25 20:36:00;4;283
176;2018-11-24 08:36:00;97;52
177;2018-08-05 17:12:00;14;209
178;2018-10-21 14:48:00;90;96
179;2018-07-24 02:48:00;18;22
180;2018-08-29 19:36:00;30;256
181;2018-09-12 02:48:00;100;279
182;2018-08-17 07:36:00;9;112
183;2018-11-12 13:24:00;5;97
184;2018-10-01 05:12:00;42;264
185;2019-01-06 23:00:00;55;227
186;2018-11-25 13:24:00;86;299
187;2018-12-31 11:00:00;91;53
188;2019-01-13 03:48:00;6;198
189;2018-07-24 22:00:00;34;14
190;2018-11-20 03:48:00;15;187
191;2018-11-05 03:48:00;38;201
192;2018-08-18 00:24:00;66;81
193;2018-10-09 02:48:00;8;12
194;2018-12-23 06:12:00;78;190
195;2018-10-24 00:24:00;39;325
196;2018-11-30 08:36:00;96;266
197;2018-12-14 15:48:00;57;251
198;2019-01-10 01:24:00;65;16
199;2018-12-13 11:00:00;11;367
200;2018-12-13 23:00:00;7;33
201;2018-12-17 23:00:00;75;303
202;2018-11-08 18:12:00;12;228
203;2018-11-09 15:48:00;19;51
204;2018-07-22 05:12:00;93;70
205;2018-08-12 12:24:00;85;62
206;2018-11-18 01:24:00;52;346
207;2018-09-10 07:36:00;94;18
208;2018-10-07 02:48:00;91;36
209;2018-10-01 07:36:00;88;375
210;2018-10-05 14:48:00;58;163
211;2018-12-07 03:48:00;22;134
212;2018-08-17 12:24:00;37;93
213;2018-09-10 22:00:00;34;335
214;2018-07-31 07:36:00;65;104
215;2018-10-15 17:12:00;81;99
216;2018-11-13 08:36:00;14;294
217;2018-08-06 19:36:00;21;317
218;2018-11-12 11:00:00;17;414
219;2018-12-05 06:12:00;18;372
220;2019-01-31 08:36:00;33;175
221;2019-01-28 03:48:00;5;396
222;2018-09-18 14:48:00;54;203
223;2019-01-24 08:36:00;30;357
224;2018-12-09 20:36:00;21;271
225;2018-09-02 10:00:00;34;17
226;2019-01-23 23:00:00;31;419
227;2019-01-18 23:00:00;80;195
228;2018-07-25 07:36:00;70;3
229;2018-08-28 14:48:00;71;157
230;2019-01-31 11:00:00;78;114
231;2018-08-09 05:12:00;80;118
232;2018-10-20 05:12:00;32;56
233;2018-12-16 20:36:00;10;133
234;2019-01-05 15:48:00;1;27
235;2018-09-24 07:36:00;34;89
236;2018-08-27 22:00:00;26;28
237;2018-08-11 17:12:00;75;54
238;2018-12-15 23:00:00;72;162
239;2018-10-28 15:48:00;94;38
240;2018-11-06 01:24:00;44;220
241;2018-10-18 07:36:00;42;82
242;2018-09-23 19:36:00;49;316
243;2018-10-21 17:12:00;24;230
244;2018-09-11 05:12:00;74;242
245;2018-08-03 05:12:00;26;298
246;2019-02-04 15:48:00;18;330
247;2018-07-20 10:00:00;59;104
248;2018-08-24 02:48:00;16;70
249;2018-09-04 00:24:00;78;211
250;2018-09-22 19:36:00;52;96
251;2018-10-08 10:00:00;98;77
252;2018-10-11 22:00:00;83;343
253;2018-10-10 02:48:00;48;412
254;2018-08-24 19:36:00;68;111
255;2019-01-17 18:12:00;55;272
256;2018-09-16 00:24:00;9;288
257;2018-12-22 23:00:00;49;335
258;2019-01-24 03:48:00;25;410
259;2018-08-16 00:24:00;45;357
260;2018-12-01 18:12:00;17;311
261;2019-01-21 13:24:00;79;187
262;2018-11-12 23:00:00;87;53
263;2019-01-14 03:48:00;40;353
264;2019-01-17 06:12:00;78;261
265;2019-01-26 11:00:00;85;249
266;2019-01-27 01:24:00;72;212
267;2018-10-08 17:12:00;85;352
268;2018-08-19 22:00:00;12;57
269;2019-02-04 03:48:00;1;385
270;2018-12-05 23:00:00;58;163
271;2018-10-14 10:00:00;75;252
272;2018-08-07 05:12:00;17;163
273;2018-09-23 12:24:00;61;124
274;2018-11-28 01:24:00;31;127
275;2018-07-26 07:36:00;97;53
276;2018-07-20 02:48:00;6;346
277;2018-10-29 03:48:00;74;373
278;2018-09-03 14:48:00;66;242
279;2018-11-02 01:24:00;4;32
280;2019-01-18 13:24:00;92;102
281;2019-01-22 15:48:00;39;334
282;2018-09-22 19:36:00;56;189
283;2018-09-29 22:00:00;52;329
284;2019-01-02 20:36:00;62;405
285;2018-08-09 05:12:00;2;389
286;2018-12-27 01:24:00;91;21
287;2018-10-10 19:36:00;21;269
288;2018-11-22 20:36:00;65;308
289;2018-12-20 08:36:00;77;242
290;2018-10-29 06:12:00;8;306
291;2018-08-14 22:00:00;53;202
292;2018-10-24 02:48:00;26;339
293;2019-01-15 06:12:00;7;1
294;2018-07-30 10:00:00;13;24
295;2018-11-05 15:48:00;56;217
296;2018-09-09 05:12:00;30;120
297;2018-10-13 07:36:00;31;64
298;2019-01-03 20:36:00;54;67
299;2018-10-08 02:48:00;26;172
300;2019-02-03 03:48:00;15;294
301;2018-10-18 00:24:00;47;11
302;2018-10-02 07:36:00;18;96
303;2018-09-10 14:48:00;60;244
304;2018-11-15 13:24:00;19;318
305;2018-10-01 14:48:00;45;196
306;2018-12-08 03:48:00;60;1
307;2018-09-04 00:24:00;91;94
308;2018-07-26 12:24:00;75;44
309;2018-08-17 22:00:00;63;405
310;2019-01-23 06:12:00;59;297
311;2018-10-04 22:00:00;82;229
312;2018-08-29 05:12:00;87;286
313;2018-12-29 23:00:00;16;67
314;2018-10-06 12:24:00;97;142
315;2018-08-27 10:00:00;47;134
316;2018-08-05 19:36:00;75;318
317;2018-10-04 00:24:00;69;73
318;2019-01-03 20:36:00;94;157
319;2018-10-30 08:36:00;60;52
320;2019-01-17 03:48:00;60;104
321;2018-12-15 08:36:00;88;364
322;2018-10-09 10:00:00;13;120
323;2018-08-18 02:48:00;89;253
324;2018-08-13 17:12:00;76;306
325;2018-11-07 18:12:00;95;256
326;2018-11-10 03:48:00;54;323
327;2018-09-07 14:48:00;51;89
328;2019-01-19 18:12:00;15;321
329;2018-09-19 07:36:00;77;96
330;2018-10-07 02:48:00;60;37
331;2019-01-14 15:48:00;70;322
332;2018-12-05 11:00:00;56;108
333;2018-09-09 00:24:00;98;192
334;2018-08-10 12:24:00;32;156
335;2018-11-15 20:36:00;23;214
336;2018-10-08 07:36:00;50;423
337;2018-11-22 23:00:00;42;207
338;2019-01-09 01:24:00;69;394
339;2018-10-27 22:00:00;41;225
340;2018-08-27 07:36:00;19;68
341;2019-01-03 18:12:00;9;66
342;2018-12-01 08:36:00;10;159
343;2019-01-28 15:48:00;33;156
344;2018-09-24 02:48:00;89;354
345;2019-01-18 18:12:00;61;228
346;2018-09-29 17:12:00;55;28
347;2018-09-11 22:00:00;46;286
348;2018-08-07 14:48:00;18;258
349;2018-09-03 07:36:00;2;98
350;2018-10-03 05:12:00;48;56
351;2018-10-08 12:24:00;77;402
352;2018-10-10 05:12:00;13;415
353;2018-07-22 07:36:00;9;268
354;2019-01-28 08:36:00;81;129
355;2018-09-21 12:24:00;88;198
356;2018-11-02 01:24:00;35;406
357;2018-09-01 02:48:00;29;309
358;2018-12-21 08:36:00;26;232
359;2018-10-15 12:24:00;12;204
360;2018-08-07 07:36:00;21;141
361;2018-12-27 11:00:00;81;362
362;2018-12-15 18:12:00;80;77
363;2018-08-28 22:00:00;1;74
364;2019-01-04 23:00:00;64;325
365;2018-11-13 11:00:00;6;331
366;2018-08-14 00:24:00;33;319
367;2018-07-24 07:36:00;43;96
368;2018-08-17 19:36:00;71;188
369;2018-09-03 10:00:00;68;181
370;2018-08-28 05:12:00;74;181
371;2018-09-04 19:36:00;97;80
372;2018-09-10 19:36:00;86;33
373;2018-08-05 12:24:00;38;232
374;2018-12-02 18:12:00;13;381
375;2018-11-23 11:00:00;29;350
376;2018-08-27 17:12:00;70;399
377;2018-07-24 22:00:00;100;413
378;2018-11-25 18:12:00;50;316
379;2018-09-15 00:24:00;78;387
380;2018-12-09 11:00:00;22;354
381;2018-09-11 02:48:00;73;184
382;2019-01-08 23:00:00;41;242
383;2018-10-08 05:12:00;11;274
384;2018-09-07 02:48:00;23;168
385;2018-10-05 02:48:00;76;309
386;2018-08-15 14:48:00;36;400
387;2018-08-30 02:48:00;100;372
388;2018-08-07 17:12:00;2;230
389;2018-10-25 22:00:00;61;58
390;2018-10-31 23:00:00;18;6
391;2018-08-29 00:24:00;4;383
392;2018-08-12 05:12:00;92;265
393;2018-11-03 08:36:00;83;326
394;2018-08-20 12:24:00;28;390
395;2018-12-30 06:12:00;5;200
396;2018-10-24 02:48:00;61;409
397;2018-07-27 14:48:00;99;324
398;2019-01-28 03:48:00;31;413
399;2018-07-30 17:12:00;63;13
400;2018-08-12 00:24:00;10;352
401;2018-12-11 23:00:00;47;298
402;2018-09-07 14:48:00;62;316
403;2018-10-20 19:36:00;38;202
404;2019-01-08 01:24:00;27;393
405;2018-09-25 14:48:00;64;81
406;2018-10-17 05:12:00;51;270
407;2018-10-14 14:48:00;95;215
408;2018-09-18 17:12:00;4;6
409;2018-12-20 08:36:00;92;116
410;2019-02-04 13:24:00;73;423
411;2018-09-11 12:24:00;100;71
412;2018-09-05 05:12:00;8;112
413;2018-11-02 08:36:00;93;11
414;2018-12-14 13:24:00;38;340
415;2018-10-05 12:24:00;81;33
416;2018-12-31 08:36:00;38;46
417;2018-10-12 17:12:00;94;419
418;2019-01-30 15:48:00;53;381
419;2019-02-03 18:12:00;1;187
420;2018-07-31 17:12:00;94;303
421;2018-08-02 05:12:00;100;33
422;2018-12-29 20:36:00;93;315
423;2018-08-21 12:24:00;86;105
424;2018-10-26 02:48:00;24;238
425;2019-01-09 01:24:00;2;236
426;2018-11-18 23:00:00;6;85
427;2018-09-23 17:12:00;16;292
428;2019-01-30 08:36:00;40;248
429;2018-12-23 23:00:00;18;102
430;2018-08-10 22:00:00;25;191
431;2018-08-27 22:00:00;39;174
432;2018-08-06 14:48:00;39;239
433;2018-10-03 17:12:00;92;155
434;2018-07-23 19:36:00;4;78
435;2018-11-02 08:36:00;50;425
436;2019-02-03 06:12:00;24;243
437;2018-12-15 20:36:00;30;74
438;2018-10-05 14:48:00;83;304
439;2019-01-12 20:36:00;30;302
440;2018-09-15 10:00:00;84;195
441;2018-10-21 05:12:00;22;66
442;2018-11-12 23:00:00;47;225
443;2018-08-12 00:24:00;74;272
444;2018-12-24 18:12:00;65;12
445;2018-08-27 14:48:00;76;194
446;2018-07-24 17:12:00;78;317
447;2018-12-20 11:00:00;73;412
448;2018-08-17 05:12:00;69;81
449;2018-12-04 11:00:00;41;408
450;2018-10-07 10:00:00;75;268
451;2018-09-11 14:48:00;86;379
452;2018-08-15 22:00:00;44;321
453;2018-10-23 17:12:00;77;364
454;2019-01-24 01:24:00;100;43
455;2018-12-03 01:24:00;55;186
456;2018-10-30 01:24:00;46;51
457;2018-10-07 14:48:00;76;175
458;2019-02-01 08:36:00;44;26
459;2018-10-22 05:12:00;43;375
460;2018-11-15 13:24:00;31;411
461;2018-08-07 12:24:00;24;192
462;2018-07-27 02:48:00;26;132
463;2019-01-24 01:24:00;7;319
464;2018-12-23 06:12:00;74;248
465;2018-08-28 10:00:00;14;164
466;2019-02-04 11:00:00;20;179
467;2018-11-11 06:12:00;90;60
468;2018-11-21 08:36:00;9;216
469;2018-09-25 05:12:00;45;223
470;2018-11-20 13:24:00;87;168
471;2018-11-03 23:00:00;82;149
472;2019-01-02 18:12:00;80;61
473;2018-08-28 02:48:00;2;361
474;2019-01-14 20:36:00;76;383
475;2018-08-30 02:48:00;97;39
476;2019-01-14 15:48:00;80;199
477;2018-12-04 08:36:00;75;108
478;2018-11-20 13:24:00;72;9
479;2018-09-18 05:12:00;67;31
480;2018-11-11 06:12:00;25;381
481;2018-07-20 05:12:00;94;5
482;2018-10-20 12:24:00;3;240
483;2018-10-18 12:24:00;84;150
484;2018-10-22 10:00:00;1;176
485;2018-11-12 01:24:00;38;279
486;2018-07-27 19:36:00;37;195
487;2018-11-15 11:00:00;68;368
488;2018-09-24 22:00:00;57;358
489;2018-09-12 07:36:00;16;182
490;2018-11-06 20:36:00;97;251
491;2018-11-07 06:12:00;94;177
492;2018-11-26 03:48:00;1;94
493;2018-11-15 15:48:00;95;107
494;2019-01-14 06:12:00;12;321
495;2018-10-15 02:48:00;68;392
496;2018-09-02 17:12:00;75;329
497;2018-11-05 01:24:00;63;229
498;2018-12-12 18:12:00;89;27
499;2018-12-11 23:00:00;52;287
500;2018-09-09 17:12:00;5;23
501;2019-01-18 08:36:00;91;63
502;2018-11-27 08:36:00;30;120
503;2018-10-25 02:48:00;23;150
504;2018-09-17 14:48:00;47;237
505;2018-08-16 10:00:00;50;311
506;2018-10-31 11:00:00;29;325
507;2018-10-14 12:24:00;60;241
508;2019-01-10 03:48:00;34;40
509;2018-08-13 12:24:00;1;107
510;2018-11-16 23:00:00;22;148
511;2018-07-29 00:24:00;10;383
512;2018-12-01 11:00:00;31;153
513;2018-11-04 20:36:00;86;101
514;2018-12-04 03:48:00;91;179
515;2018-09-13 17:12:00;71;257
516;2018-08-20 00:24:00;27;402
517;2019-01-13 03:48:00;92;313
518;2018-08-03 02:48:00;5;366
519;2018-11-01 03:48:00;47;177
520;2018-11-22 23:00:00;72;357
521;2018-09-15 07:36:00;69;186
522;2018-09-07 10:00:00;57;67
523;2018-08-01 10:00:00;22;189
524;2018-12-19 06:12:00;1;215
525;2019-01-08 20:36:00;74;110
526;2018-12-29 23:00:00;16;115
527;2018-10-09 02:48:00;54;423
528;2019-02-03 15:48:00;59;422
529;2018-09-09 22:00:00;90;357
530;2018-10-01 14:48:00;77;339
531;2018-11-19 08:36:00;73;192
532;2018-07-25 02:48:00;32;3
533;2018-09-09 02:48:00;15;337
534;2018-08-08 17:12:00;11;393
535;2018-08-15 14:48:00;66;399
536;2018-12-25 06:12:00;72;107
537;2019-01-13 18:12:00;70;74
538;2018-11-18 01:24:00;56;106
539;2018-09-29 10:00:00;26;116
540;2018-08-22 14:48:00;34;327
541;2018-10-07 10:00:00;23;363
542;2019-01-29 23:00:00;61;243
543;2018-08-20 22:00:00;86;64
544;2018-12-25 03:48:00;40;159
545;2018-08-18 22:00:00;30;138
546;2018-08-15 17:12:00;99;220
547;2019-01-10 06:12:00;63;122
548;2018-08-11 19:36:00;74;216
549;2018-09-01 12:24:00;58;131
550;2018-08-04 17:12:00;41;117
551;2018-08-06 19:36:00;69;344
552;2018-09-20 05:12:00;79;322
553;2018-10-08 19:36:00;20;270
554;2019-01-11 08:36:00;64;23
555;2018-09-30 05:12:00;23;107
556;2019-02-03 23:00:00;13;214
557;2018-10-16 07:36:00;6;36
558;2018-12-19 15:48:00;77;103
559;2019-01-21 13:24:00;46;393
560;2018-09-04 19:36:00;6;350
561;2019-01-28 03:48:00;25;168
562;2018-08-18 19:36:00;95;383
563;2018-07-22 05:12:00;82;141
564;2018-10-10 14:48:00;27;346
565;2018-11-23 13:24:00;94;389
566;2019-01-09 06:12:00;64;125
567;2019-01-26 06:12:00;21;327
568;2018-11-15 20:36:00;80;246
569;2018-09-25 02:48:00;17;364
570;2018-08-10 07:36:00;37;82
571;2018-08-20 12:24:00;9;120
572;2018-12-21 01:24:00;95;203
573;2018-10-14 02:48:00;64;389
574;2018-10-18 19:36:00;84;248
575;2019-01-14 20:36:00;92;7
576;2018-08-25 12:24:00;34;4
577;2018-07-20 19:36:00;74;403
578;2018-10-04 00:24:00;70;162
579;2018-10-16 14:48:00;12;406
580;2019-01-30 15:48:00;50;420
581;2018-09-10 07:36:00;91;14
582;2019-01-13 03:48:00;79;230
583;2018-09-19 07:36:00;48;413
584;2018-09-13 00:24:00;92;183
585;2019-01-01 13:24:00;42;251
586;2018-08-01 17:12:00;39;206
587;2018-09-08 10:00:00;83;55
588;2018-09-09 07:36:00;63;83
589;2018-10-31 15:48:00;8;410
590;2018-09-01 12:24:00;22;346
591;2018-08-15 07:36:00;82;225
592;2018-09-12 10:00:00;60;419
593;2018-09-10 02:48:00;37;79
594;2019-01-30 15:48:00;35;195
595;2018-08-01 10:00:00;46;265
596;2018-10-10 02:48:00;6;343
597;2019-01-10 18:12:00;20;250
598;2019-01-29 06:12:00;29;393
599;2018-08-01 10:00:00;19;301
600;2018-10-17 14:48:00;19;359
601;2018-09-29 07:36:00;16;418
602;2019-01-09 18:12:00;80;132
603;2018-08-21 22:00:00;3;390
604;2018-08-13 22:00:00;56;292
605;2018-08-31 05:12:00;89;11
606;2018-08-18 00:24:00;18;376
607;2019-01-01 06:12:00;67;129
608;2018-11-19 08:36:00;61;285
609;2018-11-22 03:48:00;66;302
610;2018-12-11 13:24:00;22;388
611;2018-11-18 03:48:00;73;220
612;2018-11-12 01:24:00;78;337
613;2019-02-02 08:36:00;85;137
614;2019-01-25 08:36:00;48;256
615;2018-10-12 10:00:00;63;282
616;2018-09-04 22:00:00;47;410
617;2019-01-07 13:24:00;88;172
618;2019-01-01 13:24:00;22;25
619;2018-08-17 02:48:00;55;127
620;2018-08-11 12:24:00;96;312
621;2018-11-21 20:36:00;55;329
622;2018-12-26 18:12:00;58;246
623;2018-12-18 13:24:00;45;157
624;2018-12-03 15:48:00;52;204
625;2018-08-15 17:12:00;94;329
626;2018-10-08 19:36:00;90;302
627;2018-10-15 07:36:00;58;382
628;2018-10-11 05:12:00;75;327
629;2018-11-21 06:12:00;34;378
630;2018-07-27 22:00:00;26;235
631;2018-08-15 14:48:00;9;92
632;2018-07-27 22:00:00;25;90
633;2018-09-30 19:36:00;62;50
634;2019-01-31 11:00:00;46;135
635;2018-08-28 12:24:00;57;202
636;2018-10-04 05:12:00;87;415
637;2018-08-09 05:12:00;47;317
638;2018-09-30 19:36:00;41;4
639;2019-01-04 13:24:00;26;18
640;2018-10-16 00:24:00;93;96
641;2019-01-11 18:12:00;61;21
642;2019-01-11 03:48:00;80;29
643;2018-08-11 07:36:00;30;187
644;2018-07-29 07:36:00;98;338
645;2018-11-20 18:12:00;45;198
646;2018-10-14 17:12:00;61;22
647;2018-09-29 17:12:00;37;40
648;2019-01-16 11:00:00;71;112
649;2018-10-27 05:12:00;44;297
650;2018-08-19 22:00:00;92;51
651;2018-11-22 01:24:00;55;304
652;2018-12-08 15:48:00;88;240
653;2018-10-28 18:12:00;62;185
654;2018-08-24 05:12:00;78;38
655;2018-10-21 17:12:00;81;139
656;2018-09-13 22:00:00;48;265
657;2018-09-06 17:12:00;12;405
658;2018-09-24 05:12:00;79;275
659;2018-11-01 18:12:00;90;283
660;2019-01-28 13:24:00;54;165
661;2019-01-26 11:00:00;72;223
662;2018-08-23 22:00:00;94;152
663;2018-11-26 01:24:00;25;404
664;2018-08-02 02:48:00;47;378
665;2018-11-23 18:12:00;71;1
666;2018-09-11 10:00:00;6;220
667;2018-10-24 12:24:00;99;184
668;2019-01-24 08:36:00;58;402
669;2018-09-23 02:48:00;39;255
670;2018-09-11 12:24:00;73;367
671;2018-10-14 22:00:00;49;84
672;2018-08-02 07:36:00;87;76
673;2018-10-03 14:48:00;94;60
674;2018-12-27 11:00:00;12;79
675;2018-10-16 05:12:00;51;275
676;2019-01-10 23:00:00;5;272
677;2018-11-29 01:24:00;57;89
678;2018-07-27 14:48:00;38;242
679;2018-08-31 07:36:00;72;40
680;2018-12-15 23:00:00;68;309
681;2018-11-08 20:36:00;17;26
682;2018-11-20 15:48:00;97;90
683;2018-10-17 10:00:00;44;408
684;2018-10-31 01:24:00;84;387
685;2018-12-26 15:48:00;77;60
686;2018-10-14 00:24:00;46;366
687;2019-01-06 18:12:00;12;283
688;2018-09-08 02:48:00;78;395
689;2018-08-28 19:36:00;47;2
690;2018-10-25 12:24:00;47;98
691;2018-08-02 12:24:00;74;266
692;2018-08-24 00:24:00;79;417
693;2018-09-22 17:12:00;33;68
694;2018-09-05 14:48:00;50;33
695;2018-11-26 23:00:00;80;325
696;2018-12-02 01:24:00;63;411
697;2018-10-04 22:00:00;10;49
698;2018-11-05 01:24:00;68;217
699;2018-09-09 10:00:00;60;369
700;2018-11-06 08:36:00;100;157
701;2018-11-16 01:24:00;11;47
702;2018-08-31 07:36:00;13;398
703;2018-11-30 03:48:00;83;42
704;2019-01-05 15:48:00;91;325
705;2018-10-04 00:24:00;80;244
706;2019-01-08 01:24:00;90;387
707;2018-11-21 08:36:00;67;413
708;2019-01-09 06:12:00;34;31
709;2018-10-07 07:36:00;74;413
710;2019-01-28 01:24:00;60;265
711;2018-10-14 22:00:00;72;153
712;2018-10-01 00:24:00;23;227
713;2018-10-04 05:12:00;54;188
714;2018-07-29 19:36:00;54;178
715;2018-08-17 05:12:00;51;157
716;2018-07-27 12:24:00;94;80
717;2019-01-02 18:12:00;21;82
718;2018-11-26 18:12:00;21;394
719;2019-01-28 06:12:00;96;215
720;2018-09-28 02:48:00;91;326
721;2018-10-15 05:12:00;78;309
722;2018-11-25 13:24:00;100;348
723;2019-01-10 23:00:00;65;269
724;2018-07-26 00:24:00;41;216
725;2018-11-25 08:36:00;84;251
726;2018-11-18 01:24:00;33;421
727;2019-02-02 03:48:00;71;216
728;2018-10-26 14:48:00;22;223
729;2018-12-21 01:24:00;82;122
730;2018-12-03 18:12:00;53;288
731;2019-01-06 18:12:00;85;319
732;2018-08-01 12:24:00;53;349
733;2018-10-13 12:24:00;11;309
734;2018-07-24 22:00:00;12;290
735;2018-07-21 05:12:00;77;267
736;2018-07-23 02:48:00;74;101
737;2019-01-26 08:36:00;65;294
738;2018-12-19 03:48:00;47;230
739;2019-01-08 23:00:00;60;236
740;2019-01-17 08:36:00;86;354
741;2018-07-20 10:00:00;18;335
742;2018-07-31 10:00:00;87;35
743;2018-09-30 12:24:00;73;354
744;2019-01-13 18:12:00;83;405
745;2018-11-24 23:00:00;88;182
746;2018-10-21 17:12:00;97;123
747;2018-09-19 10:00:00;90;234
748;2018-11-11 20:36:00;26;26
749;2018-08-10 10:00:00;5;160
750;2018-11-04 08:36:00;62;25
751;2018-10-21 14:48:00;74;159
752;2019-01-27 15:48:00;34;385
753;2018-10-19 02:48:00;21;29
754;2018-11-23 23:00:00;63;101
755;2018-12-24 15:48:00;34;270
756;2018-11-03 20:36:00;78;35
757;2018-08-07 22:00:00;45;396
758;2019-01-29 13:24:00;34;316
759;2019-01-21 15:48:00;22;310
760;2019-01-18 01:24:00;85;189
761;2018-07-31 14:48:00;87;143
762;2018-09-21 22:00:00;35;16
763;2018-07-27 05:12:00;93;143
764;2018-09-27 14:48:00;95;205
765;2018-10-25 07:36:00;78;167
766;2019-01-23 20:36:00;73;49
767;2018-09-27 10:00:00;37;204
768;2019-01-31 03:48:00;12;221
769;2018-09-09 19:36:00;80;54
770;2018-08-07 02:48:00;44;411
771;2019-01-06 01:24:00;46;338
772;2018-12-29 01:24:00;9;155
773;2018-12-22 03:48:00;89;275
774;2018-09-14 12:24:00;17;300
775;2018-09-23 02:48:00;10;185
776;2018-09-13 17:12:00;15;163
777;2019-01-17 15:48:00;87;386
778;2018-10-29 23:00:00;78;330
779;2018-10-18 19:36:00;76;365
780;2019-01-15 20:36:00;9;355
781;2018-12-26 15:48:00;92;416
782;2018-08-17 05:12:00;56;417
783;2019-02-01 03:48:00;100;253
784;2019-02-02 23:00:00;51;304
785;2018-08-30 22:00:00;73;332
786;2019-01-17 03:48:00;80;295
787;2018-07-23 05:12:00;31;315
788;2018-12-10 18:12:00;58;157
789;2018-10-16 10:00:00;3;411
790;2018-12-02 06:12:00;12;28
791;2018-11-06 11:00:00;48;208
792;2018-09-05 22:00:00;28;272
793;2019-01-22 08:36:00;19;208
794;2018-08-12 17:12:00;42;33
795;2019-01-23 01:24:00;14;69
796;2018-11-23 15:48:00;79;15
797;2018-09-02 00:24:00;7;402
798;2019-01-07 18:12:00;4;255
799;2018-08-30 05:12:00;50;388
800;2019-01-31 18:12:00;39;233
801;2018-08-31 17:12:00;80;406
802;2018-10-18 14:48:00;44;251
803;2018-07-21 17:12:00;89;411
804;2018-12-15 06:12:00;36;123
805;2019-01-16 15:48:00;29;330
806;2018-09-10 05:12:00;57;118
807;2018-12-23 01:24:00;59;389
808;2018-07-23 12:24:00;25;156
809;2018-11-18 01:24:00;48;113
810;2018-09-18 17:12:00;68;272
811;2018-11-02 15:48:00;81;387
812;2018-10-30 20:36:00;70;193
813;2018-08-27 02:48:00;6;423
814;2018-09-16 17:12:00;35;220
815;2018-08-09 02:48:00;32;418
816;2018-10-06 00:24:00;79;300
817;2019-01-18 08:36:00;17;178
818;2018-09-27 12:24:00;34;30
819;2018-12-28 23:00:00;88;210
820;2018-09-20 02:48:00;33;314
821;2018-09-07 19:36:00;43;216
822;2018-12-02 15:48:00;31;344
823;2019-01-17 08:36:00;39;49
824;2018-11-07 23:00:00;12;201
825;2018-12-28 08:36:00;4;80
826;2018-09-03 00:24:00;2;211
827;2018-09-27 00:24:00;63;30
828;2018-12-03 08:36:00;10;75
829;2018-11-06 23:00:00;14;315
830;2018-08-19 02:48:00;89;31
831;2018-08-24 17:12:00;6;231
832;2018-11-15 01:24:00;5;178
833;2018-08-06 17:12:00;37;359
834;2018-11-20 06:12:00;32;209
835;2018-12-17 15:48:00;41;34
836;2018-08-03 22:00:00;29;143
837;2019-01-15 23:00:00;13;234
838;2018-12-25 03:48:00;84;125
839;2018-08-02 22:00:00;77;248
840;2018-12-14 23:00:00;10;199
841;2018-09-02 05:12:00;95;243
842;2019-01-15 11:00:00;76;401
843;2019-01-27 11:00:00;8;58
844;2018-08-06 17:12:00;51;20
845;2018-08-15 17:12:00;17;231
846;2019-02-02 08:36:00;88;371
847;2018-09-02 07:36:00;79;85
848;2018-09-12 22:00:00;88;273
849;2018-09-30 02:48:00;61;369
850;2018-09-10 17:12:00;29;239
851;2018-11-24 13:24:00;68;126
852;2018-10-15 07:36:00;53;157
853;2018-08-03 12:24:00;73;251
854;2018-12-28 08:36:00;73;265
855;2018-08-19 07:36:00;43;110
856;2018-11-15 06:12:00;98;85
857;2018-11-29 08:36:00;67;273
858;2018-09-17 10:00:00;70;288
859;2018-11-26 08:36:00;6;281
860;2018-08-28 22:00:00;44;166
861;2018-11-23 20:36:00;92;42
862;2018-07-25 14:48:00;63;10
863;2018-07-25 12:24:00;36;358
864;2018-09-27 02:48:00;80;265
865;2018-09-15 14:48:00;3;256
866;2018-09-01 19:36:00;28;124
867;2019-01-14 03:48:00;76;228
868;2018-09-12 17:12:00;53;316
869;2018-08-23 17:12:00;26;32
870;2018-12-22 13:24:00;49;150
871;2019-01-05 20:36:00;25;277
872;2018-11-19 06:12:00;67;55
873;2018-09-04 14:48:00;71;36
874;2018-11-16 23:00:00;27;319
875;2018-07-28 02:48:00;93;318
876;2019-01-27 01:24:00;24;325
877;2018-07-22 05:12:00;37;343
878;2018-09-14 00:24:00;36;25
879;2019-01-23 18:12:00;6;45
880;2018-08-16 17:12:00;84;395
881;2018-09-27 12:24:00;42;170
882;2018-10-27 00:24:00;3;211
883;2018-07-23 19:36:00;23;295
884;2018-09-15 00:24:00;82;204
885;2018-08-21 02:48:00;11;418
886;2018-12-06 18:12:00;8;185
887;2018-09-13 14:48:00;89;182
888;2019-01-12 23:00:00;28;40
889;2019-01-04 11:00:00;22;167
890;2019-01-22 06:12:00;4;392
891;2018-09-25 14:48:00;88;43
892;2018-10-18 05:12:00;56;300
893;2018-11-25 15:48:00;95;240
894;2018-10-31 23:00:00;73;311
895;2019-01-26 13:24:00;7;294
896;2018-08-04 19:36:00;2;214
897;2019-01-21 23:00:00;70;222
898;2018-07-27 14:48:00;96;328
899;2019-02-01 15:48:00;34;409
900;2019-01-25 20:36:00;54;147
901;2018-09-10 10:00:00;91;365
902;2018-10-17 10:00:00;73;18
903;2018-09-06 10:00:00;24;308
904;2018-09-13 17:12:00;72;186
905;2018-11-14 23:00:00;71;247
906;2018-09-15 07:36:00;66;411
907;2018-07-21 00:24:00;26;179
908;2018-09-11 22:00:00;42;29
909;2018-09-01 12:24:00;69;245
910;2018-11-07 23:00:00;93;260
911;2018-12-09 23:00:00;52;406
912;2019-01-25 18:12:00;13;243
913;2018-10-21 22:00:00;19;363
914;2018-09-21 12:24:00;46;113
915;2018-10-27 17:12:00;11;176
916;2018-11-28 20:36:00;20;295
917;2018-07-31 14:48:00;23;377
918;2018-07-23 14:48:00;49;58
919;2018-11-07 18:12:00;38;424
920;2019-01-10 01:24:00;67;168
921;2018-10-27 10:00:00;47;123
922;2019-01-29 13:24:00;57;383
923;2019-01-13 18:12:00;42;74
924;2018-11-06 08:36:00;31;321
925;2018-12-07 08:36:00;23;245
926;2019-01-01 13:24:00;19;334
927;2018-11-03 20:36:00;29;338
928;2018-09-17 02:48:00;37;160
929;2018-08-13 05:12:00;79;37
930;2018-09-02 05:12:00;54;389
931;2018-11-21 15:48:00;5;41
932;2018-10-21 02:48:00;70;325
933;2019-02-03 08:36:00;13;318
934;2019-01-12 01:24:00;75;355
935;2018-08-14 05:12:00;13;166
936;2018-11-17 08:36:00;71;57
937;2018-08-31 14:48:00;69;161
938;2018-08-10 10:00:00;47;375
939;2018-10-15 02:48:00;40;270
940;2019-01-14 08:36:00;83;376
941;2018-10-27 17:12:00;33;321
942;2018-10-08 05:12:00;3;423
943;2018-09-16 02:48:00;39;108
944;2018-12-23 15:48:00;21;94
945;2018-09-30 05:12:00;12;10
946;2018-09-16 17:12:00;20;160
947;2018-08-07 02:48:00;66;59
948;2018-09-25 12:24:00;26;197
949;2018-11-24 15:48:00;53;417
950;2018-09-10 00:24:00;52;10
951;2018-12-28 08:36:00;12;8
952;2018-12-20 20:36:00;59;253
953;2018-12-23 13:24:00;28;248
954;2018-08-17 12:24:00;21;208
955;2019-02-03 13:24:00;82;24
956;2018-08-14 02:48:00;97;397
957;2018-08-31 10:00:00;95;251
958;2019-01-22 20:36:00;87;346
959;2018-10-24 22:00:00;91;424
960;2018-07-26 14:48:00;60;181
961;2018-10-28 15:48:00;58;312
962;2018-12-06 11:00:00;73;32
963;2018-08-01 05:12:00;40;364
964;2019-01-12 18:12:00;60;345
965;2018-08-03 22:00:00;65;12
966;2018-08-23 19:36:00;92;163
967;2019-01-05 18:12:00;38;101
968;2018-07-30 12:24:00;2;100
969;2019-01-30 20:36:00;46;288
970;2018-08-26 02:48:00;22;288
971;2018-12-23 01:24:00;94;127
972;2019-01-21 11:00:00;59;72
973;2018-11-09 11:00:00;86;143
974;2019-01-20 20:36:00;62;328
975;2018-11-15 18:12:00;11;197
976;2018-07-30 00:24:00;80;18
977;2018-11-15 11:00:00;68;109
978;2018-08-05 05:12:00;24;10
979;2018-08-23 19:36:00;90;109
980;2018-10-11 14:48:00;90;134
981;2018-08-17 07:36:00;72;317
982;2018-09-23 02:48:00;88;328
983;2018-10-29 15:48:00;82;172
984;2018-12-24 13:24:00;16;391
985;2018-08-02 00:24:00;30;209
986;2019-01-30 18:12:00;16;417
987;2018-11-29 11:00:00;39;415
988;2018-07-28 10:00:00;50;321
989;2018-12-30 20:36:00;61;313
990;2018-09-19 02:48:00;69;390
991;2018-12-22 11:00:00;12;419
992;2018-10-04 05:12:00;78;330
993;2018-11-24 01:24:00;43;92
994;2018-08-22 17:12:00;69;123
995;2019-01-27 15:48:00;30;330
996;2018-12-08 11:00:00;10;300
997;2018-09-18 00:24:00;57;210
998;2018-09-02 14:48:00;78;314
